{"cameraMode":{"drawMode":0,"name":"Shaded","section":"Shading Mode"},"sceneLighting":true,"audioPlay":false,"sceneViewState":{"showFog":false,"showMaterialUpdate":false,"showSkybox":false,"showFlares":false,"showImageEffects":false,"showParticleSystems":false},"in2DMode":false,"pivot":{"x":471.2437744140625,"y":-6.881546974182129,"z":106.42230224609375},"rotation":{"x":-0.04275902360677719,"y":0.9476059675216675,"z":-0.1435145139694214,"w":-0.28227734565734866},"size":32.67756271362305,"orthographic":false}